사용일자,6호선,합계
2019-01-01,4946,4946
2019-01-02,10144,10144
2019-01-03,9709,9709
2019-01-04,10585,10585
2019-01-05,9159,9159
2019-01-06,5992,5992
2019-01-07,8263,8263
2019-01-08,9832,9832
2019-01-09,10702,10702
2019-01-10,9954,9954
2019-01-11,12016,12016
2019-01-12,10786,10786
2019-01-13,6231,6231
2019-01-14,9072,9072
2019-01-15,9428,9428
2019-01-16,10860,10860
2019-01-17,10682,10682
2019-01-18,12423,12423
2019-01-19,10933,10933
2019-01-20,7179,7179
2019-01-21,8134,8134
2019-01-22,9862,9862
2019-01-23,11649,11649
2019-01-24,10124,10124
2019-01-25,11704,11704
2019-01-26,10452,10452
2019-01-27,8064,8064
2019-01-28,8187,8187
2019-01-29,9937,9937
2019-01-30,10898,10898
2019-01-31,9735,9735
2019-02-01,10665,10665
2019-02-02,9172,9172
2019-02-03,4804,4804
2019-02-04,2441,2441
2019-02-05,3361,3361
2019-02-06,5662,5662
2019-02-07,10541,10541
2019-02-08,10901,10901
2019-02-09,10411,10411
2019-02-10,8132,8132
2019-02-11,8328,8328
2019-02-12,9138,9138
2019-02-13,9641,9641
2019-02-14,9671,9671
2019-02-15,10256,10256
2019-02-16,10087,10087
2019-02-17,6496,6496
2019-02-18,8310,8310
2019-02-19,9317,9317
2019-02-20,9545,9545
2019-02-21,9692,9692
2019-02-22,11314,11314
2019-02-23,12725,12725
2019-02-24,9994,9994
2019-02-25,8535,8535
2019-02-26,10562,10562
2019-02-27,10524,10524
2019-02-28,11083,11083
2019-03-01,9988,9988
2019-03-02,10838,10838
2019-03-03,7953,7953
2019-03-04,7841,7841
2019-03-05,9877,9877
2019-03-06,10524,10524
2019-03-07,10429,10429
2019-03-08,12227,12227
2019-03-09,11154,11154
2019-03-10,8890,8890
2019-03-11,8352,8352
2019-03-12,9800,9800
2019-03-13,10898,10898
2019-03-14,10722,10722
2019-03-15,11221,11221
2019-03-16,12212,12212
2019-03-17,8560,8560
2019-03-18,9019,9019
2019-03-19,9957,9957
2019-03-20,10109,10109
2019-03-21,9995,9995
2019-03-22,11547,11547
2019-03-23,11953,11953
2019-03-24,9120,9120
2019-03-25,8507,8507
2019-03-26,10107,10107
2019-03-27,10162,10162
2019-03-28,9842,9842
2019-03-29,11318,11318
2019-03-30,11549,11549
2019-03-31,7372,7372
2019-04-01,8547,8547
2019-04-02,10069,10069
2019-04-03,10736,10736
2019-04-04,10133,10133
2019-04-05,11234,11234
2019-04-06,11356,11356
2019-04-07,8285,8285
2019-04-08,8501,8501
2019-04-09,9651,9651
2019-04-10,10482,10482
2019-04-11,10451,10451
2019-04-12,12231,12231
2019-04-13,12686,12686
2019-04-14,7554,7554
2019-04-15,8702,8702
2019-04-16,10320,10320
2019-04-17,11369,11369
2019-04-18,10131,10131
2019-04-19,12250,12250
2019-04-20,12178,12178
2019-04-21,8150,8150
2019-04-22,9014,9014
2019-04-23,9944,9944
2019-04-24,11753,11753
2019-04-25,10196,10196
2019-04-26,11327,11327
2019-04-27,12681,12681
2019-04-28,8302,8302
2019-04-29,8992,8992
2019-04-30,11572,11572
2019-05-01,9774,9774
2019-05-02,10850,10850
2019-05-03,12617,12617
2019-05-04,12320,12320
2019-05-05,10158,10158
2019-05-06,9652,9652
2019-05-07,10144,10144
2019-05-08,9370,9370
2019-05-09,9692,9692
2019-05-10,11067,11067
2019-05-11,10903,10903
2019-05-12,7269,7269
2019-05-13,8740,8740
2019-05-14,11815,11815
2019-05-15,10724,10724
2019-05-16,10911,10911
2019-05-17,12292,12292
2019-05-18,11421,11421
2019-05-19,6955,6955
2019-05-20,9694,9694
2019-05-21,10392,10392
2019-05-22,11002,11002
2019-05-23,10446,10446
2019-05-24,12170,12170
2019-05-25,11488,11488
2019-05-26,7691,7691
2019-05-27,8025,8025
2019-05-28,10696,10696
2019-05-29,10533,10533
2019-05-30,10349,10349
2019-05-31,11551,11551
2019-06-01,11535,11535
2019-06-02,6465,6465
2019-06-03,8732,8732
2019-06-04,10287,10287
2019-06-05,11718,11718
2019-06-06,10008,10008
2019-06-07,9501,9501
2019-06-08,10575,10575
2019-06-09,5626,5626
2019-06-10,8436,8436
2019-06-11,10016,10016
2019-06-12,10506,10506
2019-06-13,10388,10388
2019-06-14,12625,12625
2019-06-15,12741,12741
2019-06-16,8057,8057
2019-06-17,8737,8737
2019-06-18,9552,9552
2019-06-19,11469,11469
2019-06-20,10726,10726
2019-06-21,11984,11984
2019-06-22,11090,11090
2019-06-23,6901,6901
2019-06-24,9181,9181
2019-06-25,10431,10431
2019-06-26,11216,11216
2019-06-27,10476,10476
2019-06-28,11864,11864
2019-06-29,11606,11606
2019-06-30,7899,7899
2019-07-01,8685,8685
2019-07-02,10076,10076
2019-07-03,11258,11258
2019-07-04,10794,10794
2019-07-05,11636,11636
2019-07-06,10986,10986
2019-07-07,7000,7000
2019-07-08,8960,8960
2019-07-09,10400,10400
2019-07-10,11754,11754
2019-07-11,10453,10453
2019-07-12,12629,12629
2019-07-13,10776,10776
2019-07-14,8642,8642
2019-07-15,8794,8794
2019-07-16,10025,10025
2019-07-17,10220,10220
2019-07-18,10285,10285
2019-07-19,11024,11024
2019-07-20,9025,9025
2019-07-21,6012,6012
2019-07-22,8913,8913
2019-07-23,9942,9942
2019-07-24,10110,10110
2019-07-25,9807,9807
2019-07-26,9970,9970
2019-07-27,8232,8232
2019-07-28,4973,4973
2019-07-29,9484,9484
2019-07-30,10445,10445
2019-07-31,9953,9953
2019-08-01,10288,10288
2019-08-02,11689,11689
2019-08-03,9786,9786
2019-08-04,6682,6682
2019-08-05,8310,8310
2019-08-06,9931,9931
2019-08-07,10772,10772
2019-08-08,10233,10233
2019-08-09,11623,11623
2019-08-10,10290,10290
2019-08-11,6946,6946
2019-08-12,8428,8428
2019-08-13,10503,10503
2019-08-14,11665,11665
2019-08-15,9104,9104
2019-08-16,10791,10791
2019-08-17,10499,10499
2019-08-18,6799,6799
2019-08-19,9317,9317
2019-08-20,10576,10576
2019-08-21,10923,10923
2019-08-22,10891,10891
2019-08-23,12549,12549
2019-08-24,12475,12475
2019-08-25,7929,7929
2019-08-26,9322,9322
2019-08-27,11060,11060
2019-08-28,12106,12106
2019-08-29,10464,10464
2019-08-30,12220,12220
2019-08-31,12419,12419
2019-09-01,7425,7425
2019-09-02,9158,9158
2019-09-03,10788,10788
2019-09-04,10521,10521
2019-09-05,10129,10129
2019-09-06,11652,11652
2019-09-07,7604,7604
2019-09-08,7349,7349
2019-09-09,9128,9128
2019-09-10,10072,10072
2019-09-11,10674,10674
2019-09-12,3903,3903
2019-09-13,3111,3111
2019-09-14,6168,6168
2019-09-15,6442,6442
2019-09-16,8754,8754
2019-09-17,10347,10347
2019-09-18,12009,12009
2019-09-19,10246,10246
2019-09-20,12364,12364
2019-09-21,12740,12740
2019-09-22,7481,7481
2019-09-23,9114,9114
2019-09-24,10859,10859
2019-09-25,11438,11438
2019-09-26,10921,10921
2019-09-27,11786,11786
2019-09-28,12120,12120
2019-09-29,8063,8063
2019-09-30,9369,9369
2019-10-01,10344,10344
2019-10-02,11455,11455
2019-10-03,9306,9306
2019-10-04,12126,12126
2019-10-05,12312,12312
2019-10-06,7611,7611
2019-10-07,8783,8783
2019-10-08,10998,10998
2019-10-09,9470,9470
2019-10-10,10620,10620
2019-10-11,11516,11516
2019-10-12,13612,13612
2019-10-13,8594,8594
2019-10-14,9123,9123
2019-10-15,9686,9686
2019-10-16,10341,10341
2019-10-17,10065,10065
2019-10-18,10842,10842
2019-10-19,10239,10239
2019-10-20,6518,6518
2019-10-21,9104,9104
2019-10-22,10017,10017
2019-10-23,10107,10107
2019-10-24,10980,10980
2019-10-25,12419,12419
2019-10-26,13212,13212
2019-10-27,6566,6566
2019-10-28,9617,9617
2019-10-29,9696,9696
2019-10-30,10091,10091
2019-10-31,10704,10704
2019-11-01,11312,11312
2019-11-02,12108,12108
2019-11-03,7717,7717
2019-11-04,9311,9311
2019-11-05,9710,9710
2019-11-06,10602,10602
2019-11-07,9774,9774
2019-11-08,11138,11138
2019-11-09,10555,10555
2019-11-10,6912,6912
2019-11-11,9011,9011
2019-11-12,10567,10567
2019-11-13,10532,10532
2019-11-14,12162,12162
2019-11-15,11306,11306
2019-11-16,12426,12426
2019-11-17,6850,6850
2019-11-18,8808,8808
2019-11-19,11464,11464
2019-11-20,11243,11243
2019-11-21,10661,10661
2019-11-22,12715,12715
2019-11-23,12704,12704
2019-11-24,7756,7756
2019-11-25,9019,9019
2019-11-26,11067,11067
2019-11-27,11778,11778
2019-11-28,11138,11138
2019-11-29,11865,11865
2019-11-30,12342,12342
2019-12-01,7827,7827
2019-12-02,8551,8551
2019-12-03,10187,10187
2019-12-04,10735,10735
2019-12-05,10330,10330
2019-12-06,11401,11401
2019-12-07,11217,11217
2019-12-08,7912,7912
2019-12-09,8596,8596
2019-12-10,10431,10431
2019-12-11,10175,10175
2019-12-12,11127,11127
2019-12-13,13118,13118
2019-12-14,12230,12230
2019-12-15,8632,8632
2019-12-16,8869,8869
2019-12-17,10217,10217
2019-12-18,11285,11285
2019-12-19,11695,11695
2019-12-20,12848,12848
2019-12-21,12587,12587
2019-12-22,8646,8646
2019-12-23,9376,9376
2019-12-24,13496,13496
2019-12-25,9600,9600
2019-12-26,10272,10272
2019-12-27,12044,12044
2019-12-28,11526,11526
2019-12-29,8162,8162
2019-12-30,8835,8835
2019-12-31,10902,10902
2020-01-01,4340,4340
2020-01-02,9576,9576
2020-01-03,10335,10335
2020-01-04,10860,10860
2020-01-05,7550,7550
2020-01-06,8113,8113
2020-01-07,10325,10325
2020-01-08,9860,9860
2020-01-09,9996,9996
2020-01-10,11153,11153
2020-01-11,11562,11562
2020-01-12,8345,8345
2020-01-13,8481,8481
2020-01-14,10062,10062
2020-01-15,10004,10004
2020-01-16,10106,10106
2020-01-17,11081,11081
2020-01-18,11647,11647
2020-01-19,8127,8127
2020-01-20,9480,9480
2020-01-21,9963,9963
2020-01-22,10062,10062
2020-01-23,9675,9675
2020-01-24,4178,4178
2020-01-25,2983,2983
2020-01-26,5300,5300
2020-01-27,4750,4750
2020-01-28,8054,8054
2020-01-29,9411,9411
2020-01-30,9572,9572
2020-01-31,10084,10084
2020-02-01,8784,8784
2020-02-02,5871,5871
2020-02-03,7860,7860
2020-02-04,9040,9040
2020-02-05,8751,8751
2020-02-06,8770,8770
2020-02-07,9771,9771
2020-02-08,8952,8952
2020-02-09,6597,6597
2020-02-10,8194,8194
2020-02-11,9146,9146
2020-02-12,8875,8875
2020-02-13,10260,10260
2020-02-14,10795,10795
2020-02-15,9563,9563
2020-02-16,6255,6255
2020-02-17,7799,7799
2020-02-18,8932,8932
2020-02-19,9336,9336
2020-02-20,9871,9871
2020-02-21,9848,9848
2020-02-22,7586,7586
2020-02-23,5366,5366
2020-02-24,6757,6757
2020-02-25,6483,6483
2020-02-26,6675,6675
2020-02-27,6425,6425
2020-02-28,6215,6215
2020-02-29,4680,4680
2020-03-01,2876,2876
2020-03-02,5570,5570
2020-03-03,5834,5834
2020-03-04,5987,5987
2020-03-05,6177,6177
2020-03-06,6687,6687
2020-03-07,5281,5281
2020-03-08,4053,4053
2020-03-09,5859,5859
2020-03-10,5912,5912
2020-03-11,6530,6530
2020-03-12,6421,6421
2020-03-13,6694,6694
2020-03-14,6346,6346
2020-03-15,4497,4497
2020-03-16,5839,5839
2020-03-17,6482,6482
2020-03-18,6957,6957
2020-03-19,6423,6423
2020-03-20,7585,7585
2020-03-21,6543,6543
2020-03-22,4753,4753
2020-03-23,5885,5885
2020-03-24,6714,6714
2020-03-25,7123,7123
2020-03-26,6588,6588
2020-03-27,7502,7502
2020-03-28,6530,6530
2020-03-29,4531,4531
2020-03-30,6026,6026
2020-03-31,6664,6664
2020-04-01,6425,6425
2020-04-02,6628,6628
2020-04-03,7257,7257
2020-04-04,5794,5794
2020-04-05,3803,3803
2020-04-06,5867,5867
2020-04-07,6420,6420
2020-04-08,6711,6711
2020-04-09,6817,6817
2020-04-10,7244,7244
2020-04-11,5945,5945
2020-04-12,3845,3845
2020-04-13,6201,6201
2020-04-14,6978,6978
2020-04-15,5182,5182
2020-04-16,6864,6864
2020-04-17,6873,6873
2020-04-18,6815,6815
2020-04-19,3829,3829
2020-04-20,6579,6579
2020-04-21,7191,7191
2020-04-22,7241,7241
2020-04-23,7834,7834
2020-04-24,8902,8902
2020-04-25,8135,8135
2020-04-26,5849,5849
2020-04-27,7086,7086
2020-04-28,8064,8064
2020-04-29,8779,8779
2020-04-30,7161,7161
2020-05-01,6924,6924
2020-05-02,7289,7289
2020-05-03,5414,5414
2020-05-04,7247,7247
2020-05-05,6284,6284
2020-05-06,8323,8323
2020-05-07,8426,8426
2020-05-08,8226,8226
2020-05-09,5095,5095
2020-05-10,3286,3286
2020-05-11,6510,6510
2020-05-12,7133,7133
2020-05-13,7033,7033
2020-05-14,6864,6864
2020-05-15,6820,6820
2020-05-16,4462,4462
2020-05-17,3189,3189
2020-05-18,6168,6168
2020-05-19,6717,6717
2020-05-20,7150,7150
2020-05-21,7282,7282
2020-05-22,7554,7554
2020-05-23,5013,5013
2020-05-24,3314,3314
2020-05-25,6615,6615
2020-05-26,7440,7440
2020-05-27,7582,7582
2020-05-28,7610,7610
2020-05-29,7951,7951
2020-05-30,5655,5655
2020-05-31,4189,4189
2020-06-01,6913,6913
2020-06-02,7106,7106
2020-06-03,7690,7690
2020-06-04,7613,7613
2020-06-05,7980,7980
2020-06-06,5636,5636
2020-06-07,4106,4106
2020-06-08,6806,6806
2020-06-09,7640,7640
2020-06-10,8043,8043
2020-06-11,8118,8118
2020-06-12,8718,8718
2020-06-13,6076,6076
2020-06-14,4483,4483
2020-06-15,7029,7029
2020-06-16,7686,7686
2020-06-17,7798,7798
2020-06-18,7726,7726
2020-06-19,8655,8655
2020-06-20,6632,6632
2020-06-21,4356,4356
2020-06-22,6957,6957
2020-06-23,7823,7823
2020-06-24,7583,7583
2020-06-25,7851,7851
2020-06-26,8675,8675
2020-06-27,7144,7144
2020-06-28,5037,5037
2020-06-29,7062,7062
2020-06-30,7923,7923
2020-07-01,8237,8237
2020-07-02,8483,8483
2020-07-03,9160,9160
2020-07-04,7111,7111
2020-07-05,4903,4903
2020-07-06,7251,7251
2020-07-07,8475,8475
2020-07-08,8450,8450
2020-07-09,8563,8563
2020-07-10,8896,8896
2020-07-11,7404,7404
2020-07-12,5286,5286
2020-07-13,6921,6921
2020-07-14,8248,8248
2020-07-15,8788,8788
2020-07-16,8765,8765
2020-07-17,9671,9671
2020-07-18,8460,8460
2020-07-19,4874,4874
2020-07-20,7274,7274
2020-07-21,8837,8837
2020-07-22,8691,8691
2020-07-23,8449,8449
2020-07-24,9546,9546
2020-07-25,8655,8655
2020-07-26,6698,6698
2020-07-27,7314,7314
2020-07-28,8900,8900
2020-07-29,8728,8728
2020-07-30,9078,9078
2020-07-31,10112,10112
2020-08-01,7013,7013
2020-08-02,4903,4903
2020-08-03,6559,6559
2020-08-04,8221,8221
2020-08-05,8942,8942
2020-08-06,9519,9519
2020-08-07,10752,10752
2020-08-08,7570,7570
2020-08-09,3571,3571
2020-08-10,7558,7558
2020-08-11,8221,8221
2020-08-12,8660,8660
2020-08-13,8464,8464
2020-08-14,8729,8729
2020-08-15,5625,5625
2020-08-16,4921,4921
2020-08-17,4479,4479
2020-08-18,7506,7506
2020-08-19,7085,7085
2020-08-20,6872,6872
2020-08-21,7341,7341
2020-08-22,3885,3885
2020-08-23,2832,2832
2020-08-24,6012,6012
2020-08-25,6282,6282
2020-08-26,5907,5907
2020-08-27,5527,5527
2020-08-28,6581,6581
2020-08-29,3890,3890
2020-08-30,2701,2701
2020-08-31,5341,5341
2020-09-01,5561,5561
2020-09-02,5427,5427
2020-09-03,5462,5462
2020-09-04,5976,5976
2020-09-05,4014,4014
2020-09-06,2978,2978
2020-09-07,4971,4971
2020-09-08,6040,6040
2020-09-09,5938,5938
2020-09-10,6239,6239
2020-09-11,6548,6548
2020-09-12,4753,4753
2020-09-13,3843,3843
2020-09-14,6050,6050
2020-09-15,6976,6976
2020-09-16,6857,6857
2020-09-17,7179,7179
2020-09-18,7917,7917
2020-09-19,6532,6532
2020-09-20,4945,4945
2020-09-21,6871,6871
2020-09-22,7830,7830
2020-09-23,8008,8008
2020-09-24,7984,7984
2020-09-25,8807,8807
2020-09-26,7470,7470
2020-09-27,5483,5483
2020-09-28,7159,7159
2020-09-29,7904,7904
2020-09-30,3886,3886
2020-10-01,2221,2221
2020-10-02,5477,5477
2020-10-03,6694,6694
2020-10-04,4755,4755
2020-10-05,6943,6943
2020-10-06,8052,8052
2020-10-07,8527,8527
2020-10-08,9223,9223
2020-10-09,8623,8623
2020-10-10,8147,8147
2020-10-11,5690,5690
2020-10-12,7368,7368
2020-10-13,8245,8245
2020-10-14,8664,8664
2020-10-15,8857,8857
2020-10-16,10037,10037
2020-10-17,9612,9612
2020-10-18,6896,6896
2020-10-19,7329,7329
2020-10-20,8848,8848
2020-10-21,9022,9022
2020-10-22,9048,9048
2020-10-23,10223,10223
2020-10-24,9422,9422
2020-10-25,6432,6432
2020-10-26,7757,7757
2020-10-27,8889,8889
2020-10-28,10003,10003
2020-10-29,9241,9241
2020-10-30,9901,9901
2020-10-31,9202,9202
2020-11-01,6040,6040
2020-11-02,7487,7487
2020-11-03,8211,8211
2020-11-04,8067,8067
2020-11-05,8513,8513
2020-11-06,8965,8965
2020-11-07,7784,7784
2020-11-08,6164,6164
2020-11-09,7721,7721
2020-11-10,8930,8930
2020-11-11,9231,9231
2020-11-12,9191,9191
2020-11-13,10135,10135
2020-11-14,8888,8888
2020-11-15,5573,5573
2020-11-16,7796,7796
2020-11-17,8552,8552
2020-11-18,8523,8523
2020-11-19,8291,8291
2020-11-20,9458,9458
2020-11-21,7781,7781
2020-11-22,4654,4654
2020-11-23,7305,7305
2020-11-24,7428,7428
2020-11-25,7445,7445
2020-11-26,7356,7356
2020-11-27,7307,7307
2020-11-28,4762,4762
2020-11-29,3428,3428
2020-11-30,6432,6432
2020-12-01,6632,6632
2020-12-02,6866,6866
2020-12-03,6994,6994
2020-12-04,6910,6910
2020-12-05,4498,4498
2020-12-06,3291,3291
2020-12-07,6032,6032
2020-12-08,6130,6130
2020-12-09,6128,6128
2020-12-10,6178,6178
2020-12-11,6812,6812
2020-12-12,3786,3786
2020-12-13,2287,2287
2020-12-14,5478,5478
2020-12-15,5830,5830
2020-12-16,5677,5677
2020-12-17,5710,5710
2020-12-18,6108,6108
2020-12-19,3619,3619
2020-12-20,2513,2513
2020-12-21,5413,5413
2020-12-22,5632,5632
2020-12-23,5889,5889
2020-12-24,6588,6588
2020-12-25,3311,3311
2020-12-26,3236,3236
2020-12-27,2433,2433
2020-12-28,5132,5132
2020-12-29,5402,5402
2020-12-30,5253,5253
2020-12-31,5001,5001
2021-01-01,1575,1575
2021-01-02,3105,3105
2021-01-03,2441,2441
2021-01-04,5569,5569
2021-01-05,5769,5769
2021-01-06,5958,5958
2021-01-07,6080,6080
2021-01-08,5771,5771
2021-01-09,3359,3359
2021-01-10,2365,2365
2021-01-11,5691,5691
2021-01-12,6079,6079
2021-01-13,6355,6355
2021-01-14,6221,6221
2021-01-15,6411,6411
2021-01-16,4241,4241
2021-01-17,2858,2858
2021-01-18,6179,6179
2021-01-19,6436,6436
2021-01-20,6890,6890
2021-01-21,6576,6576
2021-01-22,7110,7110
2021-01-23,5605,5605
2021-01-24,4232,4232
2021-01-25,6501,6501
2021-01-26,6859,6859
2021-01-27,7230,7230
2021-01-28,6880,6880
2021-01-29,7086,7086
2021-01-30,5802,5802
2021-01-31,4374,4374
2021-02-01,6709,6709
2021-02-02,7029,7029
2021-02-03,7161,7161
2021-02-04,7473,7473
2021-02-05,7963,7963
2021-02-06,7040,7040
2021-02-07,4814,4814
2021-02-08,6856,6856
2021-02-09,7464,7464
2021-02-10,7482,7482
2021-02-11,3431,3431
2021-02-12,2255,2255
2021-02-13,5154,5154
2021-02-14,5051,5051
2021-02-15,6624,6624
2021-02-16,7681,7681
2021-02-17,7829,7829
2021-02-18,8342,8342
2021-02-19,8916,8916
2021-02-20,8784,8784
2021-02-21,6208,6208
2021-02-22,7099,7099
2021-02-23,8517,8517
2021-02-24,8607,8607
2021-02-25,8434,8434
2021-02-26,9276,9276
2021-02-27,8842,8842
2021-02-28,7446,7446
2021-03-01,3890,3890
2021-03-02,7232,7232
2021-03-03,8583,8583
2021-03-04,8556,8556
2021-03-05,9185,9185
2021-03-06,9084,9084
2021-03-07,6708,6708
2021-03-08,7250,7250
2021-03-09,8497,8497
2021-03-10,8842,8842
2021-03-11,8609,8609
2021-03-12,9507,9507
2021-03-13,9262,9262
2021-03-14,6623,6623
2021-03-15,7395,7395
2021-03-16,8358,8358
2021-03-17,8607,8607
2021-03-18,8711,8711
2021-03-19,9790,9790
2021-03-20,8369,8369
2021-03-21,6861,6861
2021-03-22,7436,7436
2021-03-23,8412,8412
2021-03-24,8788,8788
2021-03-25,8915,8915
2021-03-26,10026,10026
2021-03-27,7815,7815
2021-03-28,5918,5918
2021-03-29,7415,7415
2021-03-30,8552,8552
2021-03-31,9254,9254
2021-04-01,8954,8954
2021-04-02,9641,9641
2021-04-03,7017,7017
2021-04-04,6730,6730
2021-04-05,7438,7438
2021-04-06,8558,8558
2021-04-07,8694,8694
2021-04-08,9068,9068
2021-04-09,9793,9793
2021-04-10,9494,9494
2021-04-11,6624,6624
2021-04-12,6358,6358
2021-04-13,8020,8020
2021-04-14,9001,9001
2021-04-15,8268,8268
2021-04-16,8656,8656
2021-04-17,8386,8386
2021-04-18,6315,6315
2021-04-19,7312,7312
2021-04-20,8447,8447
2021-04-21,9248,9248
2021-04-22,8519,8519
2021-04-23,10040,10040
2021-04-24,10188,10188
2021-04-25,6649,6649
2021-04-26,7321,7321
2021-04-27,8802,8802
2021-04-28,8819,8819
2021-04-29,8855,8855
2021-04-30,9017,9017
2021-05-01,8293,8293
2021-05-02,7278,7278
2021-05-03,7595,7595
2021-05-04,7451,7451
2021-05-05,7475,7475
2021-05-06,7844,7844
2021-05-07,8166,8166
2021-05-08,6036,6036
2021-05-09,5555,5555
2021-05-10,6945,6945
2021-05-11,7866,7866
2021-05-12,7913,7913
2021-05-13,8328,8328
2021-05-14,9182,9182
2021-05-15,7050,7050
2021-05-16,4214,4214
2021-05-17,7409,7409
2021-05-18,8671,8671
2021-05-19,7761,7761
2021-05-20,8703,8703
2021-05-21,9387,9387
2021-05-22,9617,9617
2021-05-23,6750,6750
2021-05-24,7484,7484
2021-05-25,8546,8546
2021-05-26,9371,9371
2021-05-27,8544,8544
2021-05-28,8866,8866
2021-05-29,9006,9006
2021-05-30,6510,6510
2021-05-31,7111,7111
2021-06-01,8331,8331
2021-06-02,9247,9247
2021-06-03,7970,7970
2021-06-04,9468,9468
2021-06-05,9192,9192
2021-06-06,6663,6663
2021-06-07,7051,7051
2021-06-08,8344,8344
2021-06-09,9199,9199
2021-06-10,8489,8489
2021-06-11,8836,8836
2021-06-12,9766,9766
2021-06-13,7195,7195
2021-06-14,7192,7192
2021-06-15,8283,8283
2021-06-16,9351,9351
2021-06-17,8851,8851
2021-06-18,10248,10248
2021-06-19,11029,11029
2021-06-20,7042,7042
2021-06-21,7741,7741
2021-06-22,8886,8886
2021-06-23,9412,9412
2021-06-24,9207,9207
2021-06-25,10128,10128
2021-06-26,9146,9146
2021-06-27,7000,7000
2021-06-28,7577,7577
2021-06-29,9112,9112
2021-06-30,9617,9617
2021-07-01,9437,9437
2021-07-02,9749,9749
2021-07-03,7852,7852
2021-07-04,5491,5491
2021-07-05,7440,7440
2021-07-06,8775,8775
2021-07-07,8895,8895
2021-07-08,8149,8149
2021-07-09,8252,8252
2021-07-10,6126,6126
2021-07-11,5252,5252
2021-07-12,6078,6078
2021-07-13,7058,7058
2021-07-14,7382,7382
2021-07-15,6766,6766
2021-07-16,7313,7313
2021-07-17,5674,5674
2021-07-18,4394,4394
2021-07-19,5704,5704
2021-07-20,6959,6959
2021-07-21,7184,7184
2021-07-22,6693,6693
2021-07-23,7595,7595
2021-07-24,5486,5486
2021-07-25,4671,4671
2021-07-26,5772,5772
2021-07-27,6956,6956
2021-07-28,7514,7514
2021-07-29,7093,7093
2021-07-30,8061,8061
2021-07-31,5968,5968
2021-08-01,4966,4966
2021-08-02,5628,5628
2021-08-03,6128,6128
2021-08-04,6303,6303
2021-08-05,6465,6465
2021-08-06,6553,6553
2021-08-07,5667,5667
2021-08-08,4162,4162
2021-08-09,6199,6199
2021-08-10,6642,6642
2021-08-11,6856,6856
2021-08-12,6827,6827
2021-08-13,7048,7048
2021-08-14,5477,5477
2021-08-15,4695,4695
2021-08-16,4641,4641
2021-08-17,7641,7641
2021-08-18,8132,8132
2021-08-19,7555,7555
2021-08-20,8343,8343
2021-08-21,6088,6088
2021-08-22,5994,5994
2021-08-23,6118,6118
2021-08-24,7336,7336
2021-08-25,7791,7791
2021-08-26,7980,7980
2021-08-27,8006,8006
2021-08-28,7746,7746
2021-08-29,5678,5678
2021-08-30,6594,6594
2021-08-31,6964,6964
2021-09-01,7712,7712
2021-09-02,7462,7462
2021-09-03,9705,9705
2021-09-04,9727,9727
2021-09-05,6125,6125
2021-09-06,6589,6589
2021-09-07,6768,6768
2021-09-08,8199,8199
2021-09-09,7885,7885
2021-09-10,9219,9219
2021-09-11,9132,9132
2021-09-12,6741,6741
2021-09-13,6908,6908
2021-09-14,7936,7936
2021-09-15,8245,8245
2021-09-16,8008,8008
2021-09-17,9408,9408
2021-09-18,7475,7475
2021-09-19,5164,5164
2021-09-20,3211,3211
2021-09-21,2757,2757
2021-09-22,5499,5499
2021-09-23,7414,7414
2021-09-24,9110,9110
2021-09-25,9046,9046
2021-09-26,6001,6001
2021-09-27,6756,6756
2021-09-28,7783,7783
2021-09-29,7277,7277
2021-09-30,8286,8286
2021-10-01,8988,8988
2021-10-02,8469,8469
2021-10-03,7054,7054
2021-10-04,5054,5054
2021-10-05,7431,7431
2021-10-06,7947,7947
2021-10-07,8379,8379
2021-10-08,9345,9345
2021-10-09,10026,10026
2021-10-10,6447,6447
2021-10-11,6720,6720
2021-10-12,8389,8389
2021-10-13,8828,8828
2021-10-14,8273,8273
2021-10-15,9939,9939
2021-10-16,9329,9329
2021-10-17,6864,6864
2021-10-18,6896,6896
2021-10-19,7776,7776
2021-10-20,9507,9507
2021-10-21,8377,8377
2021-10-22,9887,9887
2021-10-23,10001,10001
2021-10-24,6852,6852
2021-10-25,7343,7343
2021-10-26,8473,8473
2021-10-27,9498,9498
2021-10-28,9140,9140
2021-10-29,10574,10574
2021-10-30,10580,10580
2021-10-31,7241,7241
2021-11-01,7359,7359
2021-11-02,8711,8711
2021-11-03,9476,9476
2021-11-04,9028,9028
2021-11-05,10644,10644
2021-11-06,10903,10903
2021-11-07,8555,8555
2021-11-08,7010,7010
2021-11-09,8085,8085
2021-11-10,8787,8787
2021-11-11,9163,9163
2021-11-12,10628,10628
2021-11-13,10448,10448
2021-11-14,6976,6976
2021-11-15,7730,7730
2021-11-16,8617,8617
2021-11-17,9590,9590
2021-11-18,8814,8814
2021-11-19,10061,10061
2021-11-20,10612,10612
2021-11-21,6923,6923
2021-11-22,7900,7900
2021-11-23,8560,8560
2021-11-24,9868,9868
2021-11-25,9486,9486
2021-11-26,11619,11619
2021-11-27,11325,11325
2021-11-28,8472,8472
2021-11-29,7605,7605
2021-11-30,8922,8922
2021-12-01,9874,9874
2021-12-02,9300,9300
2021-12-03,11949,11949
2021-12-04,10977,10977
2021-12-05,7037,7037
2021-12-06,7371,7371
2021-12-07,8791,8791
2021-12-08,9519,9519
2021-12-09,8913,8913
2021-12-10,10846,10846
2021-12-11,10065,10065
2021-12-12,7035,7035
2021-12-13,7171,7171
2021-12-14,8557,8557
2021-12-15,9808,9808
2021-12-16,8919,8919
2021-12-17,11143,11143
2021-12-18,10065,10065
2021-12-19,7166,7166
2021-12-20,7199,7199
2021-12-21,8886,8886
2021-12-22,10457,10457
2021-12-23,10570,10570
2021-12-24,12441,12441
2021-12-25,9449,9449
2021-12-26,5943,5943
2021-12-27,7082,7082
2021-12-28,8710,8710
2021-12-29,10534,10534
2021-12-30,9201,9201
2021-12-31,9874,9874
2022-01-01,6074,6074
2022-01-02,5372,5372
2022-01-03,6952,6952
2022-01-04,8319,8319
2022-01-05,9404,9404
2022-01-06,9133,9133
2022-01-07,10025,10025
2022-01-08,10212,10212
2022-01-09,7342,7342
2022-01-10,7984,7984
2022-01-11,9059,9059
2022-01-12,9324,9324
2022-01-13,8282,8282
2022-01-14,10180,10180
2022-01-15,10805,10805
2022-01-16,6892,6892
2022-01-17,7328,7328
2022-01-18,8754,8754
2022-01-19,10226,10226
2022-01-20,9603,9603
2022-01-21,11026,11026
2022-01-22,11362,11362
2022-01-23,8077,8077
2022-01-24,7427,7427
2022-01-25,8879,8879
2022-01-26,10302,10302
2022-01-27,9175,9175
2022-01-28,10577,10577
2022-01-29,8604,8604
2022-01-30,5461,5461
2022-01-31,3926,3926
2022-02-01,1811,1811
2022-02-02,5539,5539
2022-02-03,8284,8284
2022-02-04,9186,9186
2022-02-05,9302,9302
2022-02-06,6796,6796
2022-02-07,6840,6840
2022-02-08,7648,7648
2022-02-09,7692,7692
2022-02-10,7956,7956
2022-02-11,8291,8291
2022-02-12,7686,7686
2022-02-13,5413,5413
2022-02-14,7072,7072
2022-02-15,8596,8596
2022-02-16,9569,9569
2022-02-17,8327,8327
2022-02-18,10047,10047
2022-02-19,7849,7849
2022-02-20,5466,5466
2022-02-21,6962,6962
2022-02-22,7594,7594
2022-02-23,7587,7587
2022-02-24,7426,7426
2022-02-25,9208,9208
2022-02-26,7835,7835
2022-02-27,6816,6816
2022-02-28,7177,7177
2022-03-01,6261,6261
2022-03-02,7939,7939
2022-03-03,7527,7527
2022-03-04,8065,8065
2022-03-05,7860,7860
2022-03-06,5568,5568
2022-03-07,6539,6539
2022-03-08,7686,7686
2022-03-09,6199,6199
2022-03-10,7229,7229
2022-03-11,8959,8959
2022-03-12,9148,9148
2022-03-13,5523,5523
2022-03-14,6199,6199
2022-03-15,7415,7415
2022-03-16,7948,7948
2022-03-17,7569,7569
2022-03-18,8844,8844
2022-03-19,7752,7752
2022-03-20,6815,6815
2022-03-21,6514,6514
2022-03-22,7448,7448
2022-03-23,7604,7604
2022-03-24,7862,7862
2022-03-25,8612,8612
2022-03-26,8684,8684
2022-03-27,6613,6613
2022-03-28,6836,6836
2022-03-29,7575,7575
2022-03-30,7911,7911
2022-03-31,8121,8121
2022-04-01,9094,9094
2022-04-02,10127,10127
2022-04-03,7131,7131
2022-04-04,7117,7117
2022-04-05,8130,8130
2022-04-06,8303,8303
2022-04-07,8082,8082
2022-04-08,9882,9882
2022-04-09,9651,9651
2022-04-10,7021,7021
2022-04-11,7294,7294
2022-04-12,8024,8024
2022-04-13,8220,8220
2022-04-14,8471,8471
2022-04-15,10381,10381
2022-04-16,10745,10745
2022-04-17,7478,7478
2022-04-18,7445,7445
2022-04-19,8330,8330
2022-04-20,8816,8816
2022-04-21,9100,9100
2022-04-22,10871,10871
2022-04-23,11411,11411
2022-04-24,7809,7809
2022-04-25,7702,7702
2022-04-26,8923,8923
2022-04-27,9544,9544
2022-04-28,9703,9703
2022-04-29,11065,11065
2022-04-30,12717,12717
2022-05-01,8782,8782
2022-05-02,8110,8110
2022-05-03,9357,9357
2022-05-04,10873,10873
2022-05-05,9246,9246
2022-05-06,10506,10506
2022-05-07,9997,9997
2022-05-08,6035,6035
2022-05-09,8270,8270
2022-05-10,10119,10119
2022-05-11,10420,10420
2022-05-12,10392,10392
2022-05-13,12462,12462
2022-05-14,14243,14243
2022-05-15,9753,9753
2022-05-16,8603,8603
2022-05-17,10445,10445
2022-05-18,10019,10019
2022-05-19,10306,10306
2022-05-20,11696,11696
2022-05-21,13658,13658
2022-05-22,9539,9539
2022-05-23,8299,8299
2022-05-24,9957,9957
2022-05-25,10056,10056
2022-05-26,10317,10317
2022-05-27,11504,11504
2022-05-28,12922,12922
2022-05-29,8507,8507
2022-05-30,7920,7920
2022-05-31,10339,10339
2022-06-01,8575,8575
2022-06-02,9788,9788
2022-06-03,11794,11794
2022-06-04,11678,11678
2022-06-05,9630,9630
2022-06-06,5931,5931
2022-06-07,8574,8574
2022-06-08,9396,9396
2022-06-09,9573,9573
2022-06-10,10473,10473
2022-06-11,12225,12225
2022-06-12,7893,7893
2022-06-13,8154,8154
2022-06-14,9646,9646
2022-06-15,9926,9926
2022-06-16,10112,10112
2022-06-17,10964,10964
2022-06-18,11288,11288
2022-06-19,8368,8368
2022-06-20,8383,8383
2022-06-21,10601,10601
2022-06-22,10608,10608
2022-06-23,9745,9745
2022-06-24,11182,11182
2022-06-25,11402,11402
2022-06-26,7916,7916
2022-06-27,7946,7946
2022-06-28,9525,9525
2022-06-29,9841,9841
2022-06-30,9287,9287
2022-07-01,11069,11069
2022-07-02,12453,12453
2022-07-03,7601,7601
2022-07-04,8092,8092
2022-07-05,9243,9243
2022-07-06,9829,9829
2022-07-07,9273,9273
2022-07-08,10211,10211
2022-07-09,11488,11488
2022-07-10,7464,7464
2022-07-11,7938,7938
2022-07-12,9674,9674
2022-07-13,9378,9378
2022-07-14,9870,9870
2022-07-15,12337,12337
2022-07-16,11945,11945
2022-07-17,8805,8805
2022-07-18,8006,8006
2022-07-19,9619,9619
2022-07-20,9994,9994
2022-07-21,9801,9801
2022-07-22,10424,10424
2022-07-23,10748,10748
2022-07-24,7700,7700
2022-07-25,8092,8092
2022-07-26,9506,9506
2022-07-27,9979,9979
2022-07-28,9612,9612
2022-07-29,10149,10149
2022-07-30,11152,11152
2022-07-31,7393,7393
2022-08-01,7551,7551
2022-08-02,9304,9304
2022-08-03,9597,9597
2022-08-04,9879,9879
2022-08-05,10799,10799
2022-08-06,10077,10077
2022-08-07,8058,8058
2022-08-08,7081,7081
2022-08-09,7385,7385
2022-08-10,9065,9065
2022-08-11,8928,8928
2022-08-12,10189,10189
2022-08-13,8291,8291
2022-08-14,7034,7034
2022-08-15,5728,5728
2022-08-16,9687,9687
2022-08-17,9226,9226
2022-08-18,9603,9603
2022-08-19,9718,9718
2022-08-20,11167,11167
2022-08-21,6796,6796
2022-08-22,8098,8098
2022-08-23,9244,9244
2022-08-24,9437,9437
2022-08-25,9434,9434
2022-08-26,10632,10632
2022-08-27,11592,11592
2022-08-28,8331,8331
2022-08-29,8269,8269
2022-08-30,9532,9532
2022-08-31,10871,10871
2022-09-01,10964,10964
2022-09-02,12869,12869
2022-09-03,14417,14417
2022-09-04,7789,7789
2022-09-05,7132,7132
2022-09-06,9503,9503
2022-09-07,12024,12024
2022-09-08,11782,11782
2022-09-09,7308,7308
2022-09-10,4432,4432
2022-09-11,7073,7073
2022-09-12,6460,6460
2022-09-13,9013,9013
2022-09-14,10168,10168
2022-09-15,10418,10418
2022-09-16,11654,11654
2022-09-17,13952,13952
2022-09-18,9673,9673
2022-09-19,8622,8622
2022-09-20,10564,10564
2022-09-21,11676,11676
2022-09-22,11062,11062
2022-09-23,12898,12898
2022-09-24,14940,14940
2022-09-25,10550,10550
2022-09-26,8756,8756
2022-09-27,10415,10415
2022-09-28,11404,11404
2022-09-29,10892,10892
2022-09-30,11899,11899
2022-10-01,13498,13498
2022-10-02,11102,11102
2022-10-03,7107,7107
2022-10-04,9010,9010
2022-10-05,11317,11317
2022-10-06,11994,11994
2022-10-07,12936,12936
2022-10-08,15296,15296
2022-10-09,11524,11524
2022-10-10,7835,7835
2022-10-11,9412,9412
2022-10-12,11832,11832
2022-10-13,11069,11069
2022-10-14,13483,13483
2022-10-15,16428,16428
2022-10-16,11472,11472
2022-10-17,8833,8833
2022-10-18,11069,11069
2022-10-19,11201,11201
2022-10-20,11067,11067
2022-10-21,13475,13475
2022-10-22,14287,14287
2022-10-23,9622,9622
2022-10-24,8612,8612
2022-10-25,10476,10476
2022-10-26,12245,12245
2022-10-27,11173,11173
2022-10-28,13726,13726
2022-10-29,18437,18437
2022-10-30,8154,8154
2022-10-31,8315,8315
2022-11-01,9553,9553
2022-11-02,10843,10843
2022-11-03,9818,9818
2022-11-04,11219,11219
2022-11-05,10339,10339
2022-11-06,8415,8415
2022-11-07,7890,7890
2022-11-08,10171,10171
2022-11-09,10771,10771
2022-11-10,9944,9944
2022-11-11,11642,11642
2022-11-12,11506,11506
2022-11-13,8981,8981
2022-11-14,8033,8033
2022-11-15,8984,8984
2022-11-16,9133,9133
2022-11-17,9352,9352
2022-11-18,10034,10034
2022-11-19,10267,10267
2022-11-20,7442,7442
2022-11-21,8669,8669
2022-11-22,9369,9369
2022-11-23,9488,9488
2022-11-24,9637,9637
2022-11-25,11054,11054
2022-11-26,10016,10016
2022-11-27,6999,6999
2022-11-28,7650,7650
2022-11-29,9000,9000
2022-11-30,8714,8714
2022-12-01,8897,8897
2022-12-02,10338,10338
2022-12-03,9227,9227
2022-12-04,6537,6537
2022-12-05,7814,7814
2022-12-06,8731,8731
2022-12-07,9251,9251
2022-12-08,9549,9549
2022-12-09,9821,9821
2022-12-10,9823,9823
2022-12-11,7014,7014
2022-12-12,7951,7951
2022-12-13,9279,9279
2022-12-14,9115,9115
2022-12-15,10110,10110
2022-12-16,11474,11474
2022-12-17,10508,10508
2022-12-18,7793,7793
2022-12-19,7739,7739
2022-12-20,10747,10747
2022-12-21,11934,11934
2022-12-22,10567,10567
2022-12-23,10900,10900
2022-12-24,11585,11585
2022-12-25,9222,9222
2022-12-26,7560,7560
2022-12-27,10048,10048
2022-12-28,11252,11252
2022-12-29,10792,10792
2022-12-30,11855,11855
2022-12-31,9972,9972
2023-01-01,5235,5235
2023-01-02,7232,7232
2023-01-03,9694,9694
2023-01-04,10190,10190
2023-01-05,9506,9506
2023-01-06,10048,10048
2023-01-07,11048,11048
2023-01-08,8482,8482
2023-01-09,7897,7897
2023-01-10,9936,9936
2023-01-11,10787,10787
2023-01-12,10590,10590
2023-01-13,10417,10417
2023-01-14,11265,11265
2023-01-15,8314,8314
2023-01-16,8417,8417
2023-01-17,10125,10125
2023-01-18,10696,10696
2023-01-19,9775,9775
2023-01-20,9549,9549
2023-01-21,5582,5582
2023-01-22,3434,3434
2023-01-23,3482,3482
2023-01-24,4786,4786
2023-01-25,8174,8174
2023-01-26,9775,9775
2023-01-27,10397,10397
2023-01-28,11002,11002
2023-01-29,9045,9045
2023-01-30,8109,8109
2023-01-31,10730,10730
2023-02-01,11318,11318
2023-02-02,10442,10442
2023-02-03,12040,12040
2023-02-04,13080,13080
2023-02-05,9695,9695
2023-02-06,8137,8137
2023-02-07,11081,11081
2023-02-08,12187,12187
2023-02-09,11693,11693
2023-02-10,12052,12052
2023-02-11,13723,13723
2023-02-12,9408,9408
2023-02-13,8757,8757
2023-02-14,11723,11723
2023-02-15,12468,12468
2023-02-16,11358,11358
2023-02-17,12051,12051
2023-02-18,13512,13512
2023-02-19,10391,10391
2023-02-20,8496,8496
2023-02-21,11401,11401
2023-02-22,13200,13200
2023-02-23,11735,11735
2023-02-24,12574,12574
2023-02-25,13590,13590
2023-02-26,10116,10116
2023-02-27,8859,8859
2023-02-28,12659,12659
2023-03-01,11014,11014
2023-03-02,11577,11577
2023-03-03,13204,13204
2023-03-04,15043,15043
2023-03-05,11529,11529
2023-03-06,8885,8885
2023-03-07,11320,11320
2023-03-08,11464,11464
2023-03-09,11776,11776
2023-03-10,13106,13106
2023-03-11,12849,12849
2023-03-12,8058,8058
2023-03-13,8872,8872
2023-03-14,11767,11767
2023-03-15,11734,11734
2023-03-16,12059,12059
2023-03-17,13981,13981
2023-03-18,15698,15698
2023-03-19,10835,10835
2023-03-20,9068,9068
2023-03-21,12322,12322
2023-03-22,12163,12163
2023-03-23,12351,12351
2023-03-24,13358,13358
2023-03-25,15761,15761
2023-03-26,11859,11859
2023-03-27,9338,9338
2023-03-28,13233,13233
2023-03-29,11980,11980
2023-03-30,12533,12533
2023-03-31,13648,13648
2023-04-01,14114,14114
2023-04-02,10023,10023
2023-04-03,9095,9095
2023-04-04,12035,12035
2023-04-05,11481,11481
2023-04-06,12629,12629
2023-04-07,13604,13604
2023-04-08,14373,14373
2023-04-09,10388,10388
2023-04-10,9425,9425
2023-04-11,11194,11194
2023-04-12,12274,12274
2023-04-13,12442,12442
2023-04-14,13679,13679
2023-04-15,13523,13523
2023-04-16,9806,9806
2023-04-17,9414,9414
2023-04-18,11173,11173
2023-04-19,12141,12141
2023-04-20,11994,11994
2023-04-21,13153,13153
2023-04-22,14824,14824
2023-04-23,10055,10055
2023-04-24,9306,9306
2023-04-25,12319,12319
2023-04-26,13785,13785
2023-04-27,12405,12405
2023-04-28,13766,13766
2023-04-29,14059,14059
2023-04-30,12668,12668
2023-05-01,7577,7577
2023-05-02,12959,12959
2023-05-03,12582,12582
2023-05-04,13522,13522
2023-05-05,9741,9741
2023-05-06,11151,11151
2023-05-07,9662,9662
2023-05-08,9079,9079
2023-05-09,12122,12122
2023-05-10,12784,12784
2023-05-11,12696,12696
2023-05-12,14164,14164
2023-05-13,15708,15708
2023-05-14,10987,10987
2023-05-15,9400,9400
2023-05-16,11723,11723
2023-05-17,12698,12698
2023-05-18,12787,12787
2023-05-19,14182,14182
2023-05-20,15526,15526
2023-05-21,11100,11100
2023-05-22,9288,9288
2023-05-23,11824,11824
2023-05-24,11770,11770
2023-05-25,12444,12444
2023-05-26,12990,12990
2023-05-27,13284,13284
2023-05-28,9765,9765
2023-05-29,6794,6794
2023-05-30,11483,11483
2023-05-31,12024,12024
2023-06-01,12384,12384
2023-06-02,13007,13007
2023-06-03,13964,13964
2023-06-04,10326,10326
2023-06-05,9154,9154
2023-06-06,9663,9663
2023-06-07,11634,11634
2023-06-08,11225,11225
2023-06-09,12724,12724
2023-06-10,12623,12623
2023-06-11,9951,9951
2023-06-12,9147,9147
2023-06-13,12588,12588
2023-06-14,12090,12090
2023-06-15,12117,12117
2023-06-16,13243,13243
2023-06-17,14594,14594
2023-06-18,10790,10790
2023-06-19,9131,9131
2023-06-20,11869,11869
2023-06-21,12160,12160
2023-06-22,12998,12998
2023-06-23,14557,14557
2023-06-24,14783,14783
2023-06-25,10158,10158
2023-06-26,8648,8648
2023-06-27,12394,12394
2023-06-28,12491,12491
2023-06-29,10387,10387
2023-06-30,12942,12942
